date,humidité,temperature,periode_encoded,Mois,humidité-air,semaine_mois
2024-01-01,75.0,23,0,1,mauvais,1.0
2024-01-01,78.0,24,1,1,très mauvais,1.0
2024-01-01,75.0,22,2,1,mauvais,1.0
2024-01-02,70.0,24,0,1,mauvais,1.0
2024-01-02,66.0,26,1,1,très mauvais,1.0
2024-01-02,69.0,23,2,1,très mauvais,1.0
2024-01-03,87.0,24,0,1,mauvais,1.0
2024-01-03,75.0,21,1,1,mauvais,1.0
2024-01-03,76.0,25,2,1,très mauvais,1.0
2024-01-04,75.0,26,0,1,mauvais,1.0
2024-01-04,73.0,26,1,1,moyen,1.0
2024-01-04,82.0,26,2,1,très mauvais,1.0
2024-01-05,68.0,23,0,1,bon,1.0
2024-01-05,79.0,23,1,1,mauvais,1.0
2024-01-05,77.0,23,2,1,très mauvais,1.0
2024-01-06,76.0,22,0,1,très mauvais,1.0
2024-01-06,74.0,24,1,1,très mauvais,1.0
2024-01-06,70.0,27,2,1,très mauvais,1.0
2024-01-07,76.0,22,0,1,mauvais,1.0
2024-01-07,74.0,23,1,1,mauvais,1.0
2024-01-07,78.0,25,2,1,très mauvais,1.0
2024-01-08,73.0,24,0,1,mauvais,2.0
2024-01-08,77.0,23,1,1,moyen,2.0
2024-01-08,82.0,21,2,1,très mauvais,2.0
2024-01-09,72.0,26,0,1,très mauvais,2.0
2024-01-09,73.0,25,1,1,très mauvais,2.0
2024-01-09,71.0,25,2,1,mauvais,2.0
2024-01-10,72.0,22,0,1,mauvais,2.0
2024-01-10,69.0,27,1,1,très mauvais,2.0
2024-01-10,73.0,26,2,1,moyen,2.0
2024-01-11,79.0,24,0,1,très mauvais,2.0
2024-01-11,81.0,21,1,1,mauvais,2.0
2024-01-11,75.0,22,2,1,très mauvais,2.0
2024-01-12,70.0,23,0,1,mauvais,2.0
2024-01-12,72.0,26,1,1,mauvais,2.0
2024-01-12,80.0,24,2,1,très mauvais,2.0
2024-01-13,75.0,23,0,1,mauvais,2.0
2024-01-13,74.0,27,1,1,très mauvais,2.0
2024-01-13,82.0,24,2,1,très mauvais,2.0
2024-01-14,67.0,26,0,1,moyen,2.0
2024-01-14,79.0,26,1,1,très mauvais,2.0
2024-01-14,75.0,23,2,1,très mauvais,2.0
2024-01-15,71.0,24,0,1,moyen,3.0
2024-01-15,74.0,29,1,1,très mauvais,3.0
2024-01-15,78.0,29,2,1,mauvais,3.0
2024-01-16,71.0,28,0,1,très mauvais,3.0
2024-01-16,77.0,23,1,1,très mauvais,3.0
2024-01-16,76.0,24,2,1,très mauvais,3.0
2024-01-17,70.0,21,0,1,très mauvais,3.0
2024-01-17,77.0,19,1,1,très mauvais,3.0
2024-01-17,74.0,24,2,1,très mauvais,3.0
2024-01-18,70.0,24,0,1,mauvais,3.0
2024-01-18,82.0,22,1,1,très mauvais,3.0
2024-01-18,85.0,25,2,1,bon,3.0
2024-01-19,87.0,22,0,1,très mauvais,3.0
2024-01-19,90.0,27,1,1,moyen,3.0
2024-01-19,63.0,25,2,1,mauvais,3.0
2024-01-20,72.0,23,0,1,bon,3.0
2024-01-20,78.0,28,1,1,mauvais,3.0
2024-01-20,82.0,23,2,1,mauvais,3.0
2024-01-21,92.0,22,0,1,mauvais,3.0
2024-01-21,65.0,28,1,1,mauvais,3.0
2024-01-21,60.0,23,2,1,mauvais,3.0
2024-01-22,74.0,26,0,1,mauvais,4.0
2024-01-22,61.0,29,1,1,mauvais,4.0
2024-01-22,76.0,25,2,1,bon,4.0
2024-01-23,91.0,22,0,1,moyen,4.0
2024-01-23,55.0,28,1,1,mauvais,4.0
2024-01-23,72.0,26,2,1,mauvais,4.0
2024-01-24,94.0,22,0,1,mauvais,4.0
2024-01-24,80.0,24,1,1,moyen,4.0
2024-01-24,83.0,23,2,1,mauvais,4.0
2024-01-25,78.0,25,0,1,très mauvais,4.0
2024-01-25,62.0,29,1,1,moyen,4.0
2024-01-25,80.0,23,2,1,mauvais,4.0
2024-01-26,69.0,22,0,1,mauvais,4.0
2024-01-26,89.0,28,1,1,moyen,4.0
2024-01-26,71.0,27,2,1,très mauvais,4.0
2024-01-27,65.0,22,0,1,très mauvais,4.0
2024-01-27,70.0,25,1,1,très mauvais,4.0
2024-01-27,96.0,24,2,1,mauvais,4.0
2024-01-28,97.0,23,0,1,très mauvais,4.0
2024-01-28,60.0,26,1,1,très mauvais,4.0
2024-01-28,69.0,22,2,1,très mauvais,4.0
2024-01-29,74.0,27,0,1,moyen,5.0
2024-01-29,64.0,29,1,1,mauvais,5.0
2024-01-29,72.0,26,2,1,moyen,5.0
2024-01-30,80.0,23,0,1,moyen,5.0
2024-01-30,65.0,29,1,1,très mauvais,5.0
2024-01-30,75.0,24,2,1,mauvais,5.0
2024-01-31,81.0,24,0,1,mauvais,5.0
2024-01-31,78.0,29,1,1,très mauvais,5.0
2024-01-31,71.0,26,2,1,mauvais,5.0
2024-02-01,84.0,24,0,2,mauvais,1.0
2024-02-01,79.0,31,1,2,mauvais,1.0
2024-02-01,81.0,27,2,2,mauvais,1.0
2024-02-02,81.0,26,0,2,mauvais,1.0
2024-02-02,76.0,30,1,2,mauvais,1.0
2024-02-02,78.0,26,2,2,moyen,1.0
2024-02-03,87.0,24,0,2,très mauvais,1.0
2024-02-03,77.0,30,1,2,mauvais,1.0
2024-02-03,82.0,26,2,2,mauvais,1.0
2024-02-04,82.0,27,0,2,mauvais,1.0
2024-02-04,74.0,31,1,2,bon,1.0
2024-02-04,76.0,27,2,2,moyen,1.0
2024-02-05,85.0,26,0,2,mauvais,1.0
2024-02-05,76.0,31,1,2,mauvais,1.0
2024-02-05,79.0,28,2,2,mauvais,1.0
2024-02-06,85.0,25,0,2,mauvais,1.0
2024-02-06,81.0,29,1,2,mauvais,1.0
2024-02-06,86.0,26,2,2,très mauvais,1.0
2024-02-07,84.0,24,0,2,mauvais,1.0
2024-02-07,72.0,30,1,2,mauvais,1.0
2024-02-07,80.0,27,2,2,mauvais,1.0
2024-02-08,80.0,25,0,2,moyen,2.0
2024-02-08,72.0,31,1,2,bon,2.0
2024-02-08,78.0,29,2,2,moyen,2.0
2024-02-09,86.0,23,0,2,très mauvais,2.0
2024-02-09,79.0,30,1,2,mauvais,2.0
2024-02-09,80.0,27,2,2,mauvais,2.0
2024-02-10,82.0,24,0,2,mauvais,2.0
2024-02-10,73.0,32,1,2,bon,2.0
2024-02-10,81.0,28,2,2,mauvais,2.0
2024-02-11,79.0,27,0,2,moyen,2.0
2024-02-11,73.0,32,1,2,bon,2.0
2024-02-11,80.0,27,2,2,mauvais,2.0
2024-02-12,85.0,25,0,2,mauvais,2.0
2024-02-12,76.0,30,1,2,mauvais,2.0
2024-02-12,85.0,25,2,2,très mauvais,2.0
2024-02-13,82.0,24,0,2,mauvais,2.0
2024-02-13,75.0,32,1,2,mauvais,2.0
2024-02-13,83.0,27,2,2,mauvais,2.0
2024-02-14,89.0,25,0,2,très mauvais,2.0
2024-02-14,82.0,29,1,2,mauvais,2.0
2024-02-14,83.0,27,2,2,mauvais,2.0
2024-02-15,86.0,24,0,2,très mauvais,3.0
2024-02-15,79.0,29,1,2,mauvais,3.0
2024-02-15,84.0,25,2,2,très mauvais,3.0
2024-02-16,81.0,25,0,2,mauvais,3.0
2024-02-16,76.0,30,1,2,mauvais,3.0
2024-02-16,80.0,26,2,2,mauvais,3.0
2024-02-17,81.0,27,0,2,mauvais,3.0
2024-02-17,73.0,32,1,2,bon,3.0
2024-02-17,78.0,29,2,2,moyen,3.0
2024-02-18,89.0,24,0,2,très mauvais,3.0
2024-02-18,78.0,31,1,2,mauvais,3.0
2024-02-18,85.0,26,2,2,très mauvais,3.0
2024-02-19,84.0,26,0,2,mauvais,3.0
2024-02-19,74.0,30,1,2,mauvais,3.0
2024-02-19,80.0,27,2,2,mauvais,3.0
2024-02-20,83.0,26,0,2,mauvais,3.0
2024-02-20,75.0,32,1,2,mauvais,3.0
2024-02-20,80.0,28,2,2,mauvais,3.0
2024-02-21,87.0,24,0,2,très mauvais,3.0
2024-02-21,78.0,29,1,2,mauvais,3.0
2024-02-21,85.0,26,2,2,très mauvais,3.0
2024-02-22,84.0,26,0,2,mauvais,4.0
2024-02-22,77.0,29,1,2,mauvais,4.0
2024-02-22,79.0,27,2,2,mauvais,4.0
2024-02-23,83.0,26,0,2,mauvais,4.0
2024-02-23,72.0,32,1,2,bon,4.0
2024-02-23,79.0,28,2,2,mauvais,4.0
2024-02-24,78.0,23,0,2,moyen,4.0
2024-02-24,71.0,32,1,2,bon,4.0
2024-02-24,77.0,27,2,2,moyen,4.0
2024-02-25,83.0,24,0,2,mauvais,4.0
2024-02-25,78.0,31,1,2,mauvais,4.0
2024-02-25,83.0,28,2,2,mauvais,4.0
2024-02-26,82.0,27,0,2,mauvais,4.0
2024-02-26,75.0,32,1,2,mauvais,4.0
2024-02-26,80.0,28,2,2,mauvais,4.0
2024-02-27,86.0,24,0,2,très mauvais,4.0
2024-02-27,80.0,30,1,2,mauvais,4.0
2024-02-27,85.0,26,2,2,très mauvais,4.0
2024-02-28,84.0,25,0,2,mauvais,4.0
2024-02-28,77.0,30,1,2,mauvais,4.0
2024-02-28,80.0,26,2,2,mauvais,4.0
2024-02-29,81.0,27,0,2,mauvais,5.0
2024-02-29,73.0,31,1,2,bon,5.0
2024-02-29,80.0,27,2,2,mauvais,5.0
2024-03-01,82.0,26,0,3,mauvais,1.0
2024-03-01,76.0,30,1,3,mauvais,1.0
2024-03-01,80.0,27,2,3,mauvais,1.0
2024-03-02,85.0,24,0,3,mauvais,1.0
2024-03-02,74.0,30,1,3,mauvais,1.0
2024-03-02,80.0,25,2,3,mauvais,1.0
2024-03-03,81.0,25,0,3,mauvais,1.0
2024-03-03,72.0,33,1,3,bon,1.0
2024-03-03,75.0,29,2,3,moyen,1.0
2024-03-04,85.0,25,0,3,mauvais,1.0
2024-03-04,76.0,30,1,3,mauvais,1.0
2024-03-04,79.0,28,2,3,mauvais,1.0
2024-03-05,84.0,24,0,3,mauvais,1.0
2024-03-05,78.0,30,1,3,mauvais,1.0
2024-03-05,83.0,27,2,3,mauvais,1.0
2024-03-06,82.0,27,0,3,mauvais,1.0
2024-03-06,72.0,30,1,3,mauvais,1.0
2024-03-06,80.0,28,2,3,mauvais,1.0
2024-03-07,81.0,26,0,3,mauvais,1.0
2024-03-07,73.0,31,1,3,bon,1.0
2024-03-07,80.0,27,2,3,mauvais,1.0
2024-03-08,88.0,24,0,3,très mauvais,2.0
2024-03-08,77.0,29,1,3,mauvais,2.0
2024-03-08,83.0,27,2,3,mauvais,2.0
2024-03-09,82.0,26,0,3,mauvais,2.0
2024-03-09,74.0,32,1,3,bon,2.0
2024-03-09,80.0,26,2,3,mauvais,2.0
2024-03-10,79.0,26,0,3,moyen,2.0
2024-03-10,71.0,33,1,3,bon,2.0
2024-03-10,77.0,28,2,3,moyen,2.0
2024-03-11,83.0,24,0,3,mauvais,2.0
2024-03-11,74.0,29,1,3,mauvais,2.0
2024-03-11,79.0,27,2,3,mauvais,2.0
2024-03-12,84.0,26,0,3,mauvais,2.0
2024-03-12,75.0,32,1,3,mauvais,2.0
2024-03-12,80.0,26,2,3,mauvais,2.0
2024-03-13,83.0,25,0,3,mauvais,2.0
2024-03-13,75.0,33,1,3,mauvais,2.0
2024-03-13,80.0,28,2,3,mauvais,2.0
2024-03-14,87.0,24,0,3,très mauvais,2.0
2024-03-14,75.0,28,1,3,mauvais,2.0
2024-03-14,83.0,26,2,3,mauvais,2.0
2024-03-15,84.0,24,0,3,mauvais,3.0
2024-03-15,76.0,30,1,3,mauvais,3.0
2024-03-15,81.0,26,2,3,mauvais,3.0
2024-03-16,81.0,25,0,3,mauvais,3.0
2024-03-16,69.0,32,1,3,bon,3.0
2024-03-16,78.0,29,2,3,moyen,3.0
2024-03-17,88.0,24,0,3,très mauvais,3.0
2024-03-17,79.0,29,1,3,mauvais,3.0
2024-03-17,82.0,25,2,3,mauvais,3.0
2024-03-18,84.0,26,0,3,mauvais,3.0
2024-03-18,73.0,30,1,3,mauvais,3.0
2024-03-18,78.0,27,2,3,moyen,3.0
2024-03-19,79.0,27,0,3,moyen,3.0
2024-03-19,70.0,33,1,3,bon,3.0
2024-03-19,79.0,27,2,3,mauvais,3.0
2024-03-20,83.0,25,0,3,mauvais,3.0
2024-03-20,76.0,31,1,3,mauvais,3.0
2024-03-20,81.0,25,2,3,mauvais,3.0
2024-03-21,84.0,25,0,3,mauvais,3.0
2024-03-21,74.0,32,1,3,bon,3.0
2024-03-21,79.0,28,2,3,mauvais,3.0
2024-03-22,79.0,26,0,3,moyen,4.0
2024-03-22,75.0,31,1,3,mauvais,4.0
2024-03-22,79.0,27,2,3,mauvais,4.0
2024-03-23,86.0,24,0,3,très mauvais,4.0
2024-03-23,77.0,29,1,3,mauvais,4.0
2024-03-23,81.0,26,2,3,mauvais,4.0
2024-03-24,82.0,25,0,3,mauvais,4.0
2024-03-24,76.0,30,1,3,mauvais,4.0
2024-03-24,82.0,26,2,3,mauvais,4.0
2024-03-25,80.0,27,0,3,moyen,4.0
2024-03-25,75.0,32,1,3,mauvais,4.0
2024-03-25,80.0,29,2,3,mauvais,4.0
2024-03-26,86.0,25,0,3,très mauvais,4.0
2024-03-26,75.0,33,1,3,mauvais,4.0
2024-03-26,82.0,27,2,3,mauvais,4.0
2024-03-27,83.0,26,0,3,mauvais,4.0
2024-03-27,75.0,29,1,3,mauvais,4.0
2024-03-27,78.0,28,2,3,moyen,4.0
2024-03-28,83.0,27,0,3,mauvais,4.0
2024-03-28,76.0,31,1,3,mauvais,4.0
2024-03-28,79.0,29,2,3,mauvais,4.0
2024-03-29,86.0,23,0,3,très mauvais,5.0
2024-03-29,76.0,31,1,3,mauvais,5.0
2024-03-29,83.0,25,2,3,mauvais,5.0
2024-03-30,84.0,24,0,3,mauvais,5.0
2024-03-30,74.0,29,1,3,mauvais,5.0
2024-03-30,78.0,26,2,3,moyen,5.0
2024-03-31,81.0,26,0,3,mauvais,5.0
2024-03-31,77.0,32,1,3,mauvais,5.0
2024-03-31,82.0,27,2,3,mauvais,5.0
2024-04-01,78.0,28,0,4,mauvais,1.0
2024-04-01,71.0,34,1,4,bon,1.0
2024-04-01,75.0,30,2,4,moyen,1.0
2024-04-02,82.0,26,0,4,mauvais,1.0
2024-04-02,69.0,35,1,4,bon,1.0
2024-04-02,77.0,29,2,4,mauvais,1.0
2024-04-03,79.0,27,0,4,mauvais,1.0
2024-04-03,66.0,36,1,4,bon,1.0
2024-04-03,74.0,31,2,4,moyen,1.0
2024-04-04,81.0,25,0,4,mauvais,1.0
2024-04-04,68.0,34,1,4,bon,1.0
2024-04-04,76.0,28,2,4,mauvais,1.0
2024-04-05,77.0,29,0,4,moyen,1.0
2024-04-05,64.0,37,1,4,bon,1.0
2024-04-05,73.0,32,2,4,moyen,1.0
2024-04-06,83.0,24,0,4,mauvais,1.0
2024-04-06,70.0,33,1,4,bon,1.0
2024-04-06,78.0,27,2,4,mauvais,1.0
2024-04-07,80.0,28,0,4,mauvais,1.0
2024-04-07,67.0,35,1,4,bon,1.0
2024-04-07,75.0,30,2,4,moyen,1.0
2024-04-08,78.0,26,0,4,moyen,2.0
2024-04-08,65.0,36,1,4,bon,2.0
2024-04-08,72.0,31,2,4,moyen,2.0
2024-04-09,82.0,25,0,4,mauvais,2.0
2024-04-09,68.0,34,1,4,bon,2.0
2024-04-09,76.0,29,2,4,mauvais,2.0
2024-04-10,79.0,27,0,4,mauvais,2.0
2024-04-10,63.0,37,1,4,bon,2.0
2024-04-10,74.0,32,2,4,moyen,2.0
2024-04-11,81.0,24,0,4,mauvais,2.0
2024-04-11,66.0,35,1,4,bon,2.0
2024-04-11,77.0,28,2,4,mauvais,2.0
2024-04-12,77.0,28,0,4,moyen,2.0
2024-04-12,64.0,36,1,4,bon,2.0
2024-04-12,73.0,31,2,4,moyen,2.0
2024-04-13,84.0,23,0,4,mauvais,2.0
2024-04-13,69.0,33,1,4,bon,2.0
2024-04-13,78.0,27,2,4,mauvais,2.0
2024-04-14,80.0,26,0,4,mauvais,2.0
2024-04-14,65.0,35,1,4,bon,2.0
2024-04-14,75.0,30,2,4,moyen,2.0
2024-04-15,78.0,29,0,4,moyen,3.0
2024-04-15,62.0,37,1,4,bon,3.0
2024-04-15,74.0,32,2,4,moyen,3.0
2024-04-16,82.0,25,0,4,mauvais,3.0
2024-04-16,67.0,34,1,4,bon,3.0
2024-04-16,76.0,28,2,4,mauvais,3.0
2024-04-17,79.0,27,0,4,mauvais,3.0
2024-04-17,64.0,36,1,4,bon,3.0
2024-04-17,73.0,31,2,4,moyen,3.0
2024-04-18,81.0,24,0,4,mauvais,3.0
2024-04-18,68.0,33,1,4,bon,3.0
2024-04-18,77.0,29,2,4,mauvais,3.0
2024-04-19,77.0,28,0,4,moyen,3.0
2024-04-19,63.0,35,1,4,bon,3.0
2024-04-19,75.0,30,2,4,moyen,3.0
2024-04-20,83.0,23,0,4,mauvais,3.0
2024-04-20,66.0,34,1,4,bon,3.0
2024-04-20,78.0,27,2,4,mauvais,3.0
2024-04-21,80.0,26,0,4,mauvais,3.0
2024-04-21,65.0,36,1,4,bon,3.0
2024-04-21,74.0,31,2,4,moyen,3.0
2024-04-22,78.0,29,0,4,moyen,4.0
2024-04-22,61.0,37,1,4,bon,4.0
2024-04-22,72.0,32,2,4,moyen,4.0
2024-04-23,82.0,25,0,4,mauvais,4.0
2024-04-23,67.0,33,1,4,bon,4.0
2024-04-23,76.0,28,2,4,mauvais,4.0
2024-04-24,79.0,27,0,4,mauvais,4.0
2024-04-24,64.0,35,1,4,bon,4.0
2024-04-24,75.0,30,2,4,moyen,4.0
2024-04-25,81.0,24,0,4,mauvais,4.0
2024-04-25,68.0,34,1,4,bon,4.0
2024-04-25,77.0,29,2,4,mauvais,4.0
2024-04-26,77.0,28,0,4,moyen,4.0
2024-04-26,63.0,36,1,4,bon,4.0
2024-04-26,74.0,31,2,4,moyen,4.0
2024-04-27,84.0,23,0,4,très mauvais,4.0
2024-04-27,69.0,32,1,4,bon,4.0
2024-04-27,78.0,27,2,4,mauvais,4.0
2024-04-28,80.0,26,0,4,mauvais,4.0
2024-04-28,65.0,35,1,4,bon,4.0
2024-04-28,75.0,30,2,4,moyen,4.0
2024-04-29,78.0,29,0,4,moyen,5.0
2024-04-29,62.0,37,1,4,bon,5.0
2024-04-29,73.0,32,2,4,moyen,5.0
2024-04-30,82.0,25,0,4,mauvais,5.0
2024-04-30,67.0,34,1,4,bon,5.0
2024-04-30,76.0,28,2,4,mauvais,5.0
2024-05-01,76.0,30,0,5,moyen,1.0
2024-05-01,58.0,38,1,5,bon,1.0
2024-05-01,71.0,33,2,5,moyen,1.0
2024-05-02,80.0,27,0,5,mauvais,1.0
2024-05-02,62.0,36,1,5,bon,1.0
2024-05-02,74.0,30,2,5,moyen,1.0
2024-05-03,77.0,29,0,5,moyen,1.0
2024-05-03,56.0,39,1,5,bon,1.0
2024-05-03,69.0,34,2,5,moyen,1.0
2024-05-04,81.0,26,0,5,mauvais,1.0
2024-05-04,60.0,37,1,5,bon,1.0
2024-05-04,73.0,31,2,5,moyen,1.0
2024-05-05,78.0,28,0,5,moyen,1.0
2024-05-05,57.0,38,1,5,bon,1.0
2024-05-05,70.0,33,2,5,moyen,1.0
2024-05-06,79.0,27,0,5,mauvais,1.0
2024-05-06,59.0,36,1,5,bon,1.0
2024-05-06,72.0,32,2,5,moyen,1.0
2024-05-07,82.0,25,0,5,mauvais,1.0
2024-05-07,61.0,35,1,5,bon,1.0
2024-05-07,75.0,29,2,5,moyen,1.0
2024-05-08,77.0,28,0,5,moyen,2.0
2024-05-08,55.0,39,1,5,bon,2.0
2024-05-08,68.0,34,2,5,moyen,2.0
2024-05-09,80.0,26,0,5,mauvais,2.0
2024-05-09,58.0,37,1,5,bon,2.0
2024-05-09,71.0,31,2,5,moyen,2.0
2024-05-10,78.0,29,0,5,moyen,2.0
2024-05-10,56.0,38,1,5,bon,2.0
2024-05-10,69.0,33,2,5,moyen,2.0
2024-05-11,81.0,25,0,5,mauvais,2.0
2024-05-11,60.0,36,1,5,bon,2.0
2024-05-11,74.0,30,2,5,moyen,2.0
2024-05-12,76.0,30,0,5,moyen,2.0
2024-05-12,54.0,39,1,5,bon,2.0
2024-05-12,67.0,34,2,5,moyen,2.0
2024-05-13,79.0,27,0,5,mauvais,2.0
2024-05-13,57.0,37,1,5,bon,2.0
2024-05-13,70.0,32,2,5,moyen,2.0
2024-05-14,82.0,24,0,5,mauvais,2.0
2024-05-14,59.0,35,1,5,bon,2.0
2024-05-14,73.0,29,2,5,moyen,2.0
2024-05-15,77.0,28,0,5,moyen,3.0
2024-05-15,55.0,38,1,5,bon,3.0
2024-05-15,68.0,33,2,5,moyen,3.0
2024-05-16,80.0,26,0,5,mauvais,3.0
2024-05-16,58.0,36,1,5,bon,3.0
2024-05-16,71.0,31,2,5,moyen,3.0
2024-05-17,78.0,29,0,5,moyen,3.0
2024-05-17,56.0,37,1,5,bon,3.0
2024-05-17,69.0,32,2,5,moyen,3.0
2024-05-18,81.0,25,0,5,mauvais,3.0
2024-05-18,60.0,35,1,5,bon,3.0
2024-05-18,74.0,28,2,5,moyen,3.0
2024-05-19,76.0,30,0,5,moyen,3.0
2024-05-19,54.0,38,1,5,bon,3.0
2024-05-19,67.0,33,2,5,moyen,3.0
2024-05-20,79.0,27,0,5,mauvais,3.0
2024-05-20,57.0,36,1,5,bon,3.0
2024-05-20,70.0,31,2,5,moyen,3.0
2024-05-21,82.0,24,0,5,mauvais,3.0
2024-05-21,59.0,34,1,5,bon,3.0
2024-05-21,73.0,29,2,5,moyen,3.0
2024-05-22,77.0,28,0,5,moyen,4.0
2024-05-22,55.0,37,1,5,bon,4.0
2024-05-22,68.0,32,2,5,moyen,4.0
2024-05-23,80.0,26,0,5,mauvais,4.0
2024-05-23,58.0,35,1,5,bon,4.0
2024-05-23,71.0,30,2,5,moyen,4.0
2024-05-24,78.0,29,0,5,moyen,4.0
2024-05-24,56.0,36,1,5,bon,4.0
2024-05-24,69.0,31,2,5,moyen,4.0
2024-05-25,81.0,25,0,5,mauvais,4.0
2024-05-25,60.0,34,1,5,bon,4.0
2024-05-25,74.0,28,2,5,moyen,4.0
2024-05-26,76.0,30,0,5,moyen,4.0
2024-05-26,54.0,37,1,5,bon,4.0
2024-05-26,67.0,32,2,5,moyen,4.0
2024-05-27,79.0,27,0,5,mauvais,4.0
2024-05-27,57.0,35,1,5,bon,4.0
2024-05-27,70.0,30,2,5,moyen,4.0
2024-05-28,82.0,24,0,5,mauvais,4.0
2024-05-28,59.0,33,1,5,bon,4.0
2024-05-28,73.0,27,2,5,moyen,4.0
2024-05-29,77.0,28,0,5,moyen,5.0
2024-05-29,55.0,36,1,5,bon,5.0
2024-05-29,68.0,31,2,5,moyen,5.0
2024-05-30,80.0,26,0,5,mauvais,5.0
2024-05-30,58.0,34,1,5,bon,5.0
2024-05-30,71.0,29,2,5,moyen,5.0
2024-05-31,78.0,29,0,5,moyen,5.0
2024-05-31,56.0,35,1,5,bon,5.0
2024-05-31,69.0,30,2,5,moyen,5.0
2024-04-03,79.0,27,0,4,moyen,1.0
2024-04-03,73.0,33,1,4,bon,1.0
2024-04-03,78.0,27,2,4,moyen,1.0
2024-04-04,80.0,26,0,4,moyen,1.0
2024-04-04,72.0,33,1,4,bon,1.0
2024-04-04,80.0,27,2,4,mauvais,1.0
2024-04-05,82.0,23,0,4,mauvais,1.0
2024-04-05,74.0,32,1,4,bon,1.0
2024-04-05,81.0,25,2,4,mauvais,1.0
2024-04-06,82.0,26,0,4,mauvais,1.0
2024-04-06,72.0,31,1,4,bon,1.0
2024-04-06,78.0,29,2,4,moyen,1.0
2024-04-07,82.0,25,0,4,mauvais,1.0
2024-04-07,76.0,33,1,4,mauvais,1.0
2024-04-07,77.0,27,2,4,moyen,1.0
2024-04-08,85.0,25,0,4,mauvais,2.0
2024-04-08,78.0,32,1,4,mauvais,2.0
2024-04-08,83.0,26,2,4,mauvais,2.0
2024-04-09,81.0,25,0,4,mauvais,2.0
2024-04-09,73.0,33,1,4,bon,2.0
2024-04-09,77.0,28,2,4,moyen,2.0
2024-04-10,77.0,27,0,4,moyen,2.0
2024-04-10,71.0,33,1,4,bon,2.0
2024-04-10,78.0,27,2,4,moyen,2.0
2024-04-11,84.0,24,0,4,mauvais,2.0
2024-04-11,73.0,30,1,4,mauvais,2.0
2024-04-11,80.0,25,2,4,mauvais,2.0
2024-04-12,82.0,26,0,4,mauvais,2.0
2024-04-12,72.0,32,1,4,bon,2.0
2024-04-12,80.0,28,2,4,mauvais,2.0
2024-04-13,82.0,26,0,4,mauvais,2.0
2024-04-13,73.0,33,1,4,bon,2.0
2024-04-13,79.0,27,2,4,mauvais,2.0
2024-04-14,84.0,23,0,4,mauvais,2.0
2024-04-14,76.0,31,1,4,mauvais,2.0
2024-04-14,81.0,25,2,4,mauvais,2.0
2024-04-15,83.0,24,0,4,mauvais,3.0
2024-04-15,76.0,32,1,4,mauvais,3.0
2024-04-15,80.0,28,2,4,mauvais,3.0
2024-04-16,77.0,27,0,4,moyen,3.0
2024-04-16,68.0,33,1,4,bon,3.0
2024-04-16,74.0,29,2,4,moyen,3.0
2024-04-17,87.0,25,0,4,très mauvais,3.0
2024-04-17,78.0,30,1,4,mauvais,3.0
2024-04-17,81.0,25,2,4,mauvais,3.0
2024-04-18,80.0,24,0,4,moyen,3.0
2024-04-18,71.0,31,1,4,bon,3.0
2024-04-18,77.0,27,2,4,moyen,3.0
2024-04-19,77.0,26,0,4,moyen,3.0
2024-04-19,72.0,34,1,4,bon,3.0
2024-04-19,78.0,29,2,4,moyen,3.0
2024-04-20,82.0,24,0,4,mauvais,3.0
2024-04-20,73.0,31,1,4,bon,3.0
2024-04-20,79.0,27,2,4,mauvais,3.0
2024-04-21,83.0,26,0,4,mauvais,3.0
2024-04-21,72.0,32,1,4,bon,3.0
2024-04-21,78.0,28,2,4,moyen,3.0
2024-04-22,78.0,27,0,4,moyen,4.0
2024-04-22,71.0,34,1,4,bon,4.0
2024-04-22,77.0,28,2,4,moyen,4.0
2024-04-23,83.0,25,0,4,mauvais,4.0
2024-04-23,78.0,30,1,4,mauvais,4.0
2024-04-23,80.0,27,2,4,mauvais,4.0
2024-04-24,82.0,26,0,4,mauvais,4.0
2024-04-24,72.0,32,1,4,bon,4.0
2024-04-24,81.0,28,2,4,mauvais,4.0
2024-04-25,80.0,25,0,4,moyen,4.0
2024-04-25,72.0,32,1,4,bon,4.0
2024-04-25,77.0,28,2,4,moyen,4.0
2024-04-26,84.0,25,0,4,mauvais,4.0
2024-04-26,73.0,34,1,4,bon,4.0
2024-04-26,82.0,25,2,4,mauvais,4.0
2024-04-27,78.0,25,0,4,moyen,4.0
2024-04-27,70.0,31,1,4,bon,4.0
2024-04-27,79.0,28,2,4,mauvais,4.0
2024-04-28,83.0,27,0,4,mauvais,4.0
2024-04-28,73.0,32,1,4,bon,4.0
2024-04-28,79.0,29,2,4,mauvais,4.0
2024-04-29,85.0,24,0,4,mauvais,5.0
2024-04-29,74.0,33,1,4,bon,5.0
2024-04-29,81.0,27,2,4,mauvais,5.0
2024-04-30,79.0,26,0,4,moyen,5.0
2024-04-30,74.0,32,1,4,bon,5.0
2024-04-30,78.0,27,2,4,moyen,5.0
2024-05-01,84.0,23,0,5,mauvais,1.0
2024-05-01,75.0,32,1,5,mauvais,1.0
2024-05-01,80.0,26,2,5,mauvais,1.0
2024-05-02,89.0,23,0,5,très mauvais,1.0
2024-05-02,77.0,29,1,5,mauvais,1.0
2024-05-02,86.0,26,2,5,très mauvais,1.0
2024-05-03,84.0,24,0,5,mauvais,1.0
2024-05-03,75.0,31,1,5,mauvais,1.0
2024-05-03,82.0,26,2,5,mauvais,1.0
2024-05-04,85.0,25,0,5,mauvais,1.0
2024-05-04,79.0,30,1,5,mauvais,1.0
2024-05-04,83.0,25,2,5,mauvais,1.0
2024-05-05,87.0,22,0,5,très mauvais,1.0
2024-05-05,80.0,29,1,5,mauvais,1.0
2024-05-05,86.0,24,2,5,très mauvais,1.0
2024-05-06,83.0,24,0,5,mauvais,1.0
2024-05-06,74.0,30,1,5,mauvais,1.0
2024-05-06,80.0,27,2,5,mauvais,1.0
2024-05-07,86.0,25,0,5,très mauvais,1.0
2024-05-07,76.0,30,1,5,mauvais,1.0
2024-05-07,83.0,25,2,5,mauvais,1.0
2024-05-08,90.0,24,0,5,très mauvais,2.0
2024-05-08,82.0,30,1,5,mauvais,2.0
2024-05-08,85.0,26,2,5,très mauvais,2.0
2024-05-09,84.0,25,0,5,mauvais,2.0
2024-05-09,78.0,30,1,5,mauvais,2.0
2024-05-09,83.0,25,2,5,mauvais,2.0
2024-05-10,82.0,24,0,5,mauvais,2.0
2024-05-10,73.0,31,1,5,bon,2.0
2024-05-10,78.0,28,2,5,moyen,2.0
2024-05-11,86.0,24,0,5,très mauvais,2.0
2024-05-11,81.0,31,1,5,mauvais,2.0
2024-05-11,85.0,25,2,5,très mauvais,2.0
2024-05-12,85.0,24,0,5,mauvais,2.0
2024-05-12,78.0,30,1,5,mauvais,2.0
2024-05-12,84.0,25,2,5,très mauvais,2.0
2024-05-13,81.0,24,0,5,mauvais,2.0
2024-05-13,74.0,32,1,5,bon,2.0
2024-05-13,80.0,28,2,5,mauvais,2.0
2024-05-14,89.0,23,0,5,très mauvais,2.0
2024-05-14,77.0,30,1,5,mauvais,2.0
2024-05-14,84.0,25,2,5,très mauvais,2.0
2024-05-15,86.0,24,0,5,très mauvais,3.0
2024-05-15,80.0,32,1,5,mauvais,3.0
2024-05-15,85.0,27,2,5,très mauvais,3.0
2024-05-16,85.0,24,0,5,mauvais,3.0
2024-05-16,75.0,33,1,5,mauvais,3.0
2024-05-16,83.0,27,2,5,mauvais,3.0
2024-05-17,87.0,24,0,5,très mauvais,3.0
2024-05-17,82.0,30,1,5,mauvais,3.0
2024-05-17,83.0,26,2,5,mauvais,3.0
2024-05-18,86.0,24,0,5,très mauvais,3.0
2024-05-18,77.0,31,1,5,mauvais,3.0
2024-05-18,84.0,27,2,5,très mauvais,3.0
2024-05-19,85.0,25,0,5,mauvais,3.0
2024-05-19,76.0,31,1,5,mauvais,3.0
2024-05-19,79.0,26,2,5,mauvais,3.0
2024-05-20,89.0,22,0,5,très mauvais,3.0
2024-05-20,81.0,31,1,5,mauvais,3.0
2024-05-20,85.0,25,2,5,très mauvais,3.0
2024-05-21,87.0,23,0,5,très mauvais,3.0
2024-05-21,77.0,30,1,5,mauvais,3.0
2024-05-21,82.0,25,2,5,mauvais,3.0
2024-05-22,81.0,25,0,5,mauvais,4.0
2024-05-22,73.0,32,1,5,bon,4.0
2024-05-22,80.0,28,2,5,mauvais,4.0
2024-05-23,88.0,23,0,5,très mauvais,4.0
2024-05-23,81.0,30,1,5,mauvais,4.0
2024-05-23,87.0,24,2,5,très mauvais,4.0
2024-05-24,87.0,25,0,5,très mauvais,4.0
2024-05-24,76.0,32,1,5,mauvais,4.0
2024-05-24,83.0,27,2,5,mauvais,4.0
2024-05-25,85.0,26,0,5,mauvais,4.0
2024-05-25,77.0,32,1,5,mauvais,4.0
2024-05-25,79.0,26,2,5,mauvais,4.0
2024-05-26,86.0,23,0,5,très mauvais,4.0
2024-05-26,78.0,30,1,5,mauvais,4.0
2024-05-26,83.0,24,2,5,mauvais,4.0
2024-05-27,88.0,24,0,5,très mauvais,4.0
2024-05-27,77.0,30,1,5,mauvais,4.0
2024-05-27,83.0,25,2,5,mauvais,4.0
2024-05-28,85.0,25,0,5,mauvais,4.0
2024-05-28,73.0,32,1,5,bon,4.0
2024-05-28,79.0,27,2,5,mauvais,4.0
2024-05-29,90.0,22,0,5,très mauvais,5.0
2024-05-29,78.0,30,1,5,mauvais,5.0
2024-05-29,83.0,26,2,5,mauvais,5.0
2024-05-30,87.0,24,0,5,très mauvais,5.0
2024-05-30,76.0,32,1,5,mauvais,5.0
2024-05-30,84.0,25,2,5,très mauvais,5.0
2024-05-31,86.0,25,0,5,très mauvais,5.0
2024-05-31,78.0,33,1,5,mauvais,5.0
2024-05-31,81.0,28,2,5,mauvais,5.0
2024-06-01,80.0,23,0,6,moyen,1.0
2024-06-01,75.0,29,1,6,moyen,1.0
2024-06-01,78.0,23,2,6,moyen,1.0
2024-06-02,85.0,20,0,6,mauvais,1.0
2024-06-02,74.0,27,1,6,moyen,1.0
2024-06-02,82.0,23,2,6,mauvais,1.0
2024-06-03,80.0,22,0,6,moyen,1.0
2024-06-03,70.0,31,1,6,bon,1.0
2024-06-03,78.0,24,2,6,moyen,1.0
2024-06-04,80.0,21,0,6,moyen,1.0
2024-06-04,75.0,30,1,6,moyen,1.0
2024-06-04,78.0,23,2,6,moyen,1.0
2024-06-05,85.0,22,0,6,mauvais,1.0
2024-06-05,73.0,28,1,6,moyen,1.0
2024-06-05,80.0,22,2,6,moyen,1.0
2024-06-06,77.0,24,0,6,moyen,1.0
2024-06-06,69.0,30,1,6,bon,1.0
2024-06-06,73.0,25,2,6,moyen,1.0
2024-06-07,81.0,22,0,6,mauvais,1.0
2024-06-07,73.0,28,1,6,moyen,1.0
2024-06-07,77.0,24,2,6,moyen,1.0
2024-06-08,82.0,22,0,6,mauvais,2.0
2024-06-08,75.0,28,1,6,moyen,2.0
2024-06-08,79.0,23,2,6,moyen,2.0
2024-06-09,81.0,23,0,6,mauvais,2.0
2024-06-09,75.0,28,1,6,moyen,2.0
2024-06-09,77.0,24,2,6,moyen,2.0
2024-06-10,79.0,22,0,6,moyen,2.0
2024-06-10,73.0,30,1,6,bon,2.0
2024-06-10,78.0,24,2,6,moyen,2.0
2024-06-11,85.0,22,0,6,mauvais,2.0
2024-06-11,73.0,27,1,6,moyen,2.0
2024-06-11,79.0,22,2,6,moyen,2.0
2024-06-12,81.0,21,0,6,mauvais,2.0
2024-06-12,72.0,30,1,6,bon,2.0
2024-06-12,80.0,25,2,6,moyen,2.0
2024-06-13,78.0,22,0,6,moyen,2.0
2024-06-13,71.0,29,1,6,bon,2.0
2024-06-13,76.0,26,2,6,moyen,2.0
2024-06-14,83.0,20,0,6,mauvais,2.0
2024-06-14,72.0,29,1,6,bon,2.0
2024-06-14,81.0,24,2,6,mauvais,2.0
2024-06-15,82.0,21,0,6,mauvais,3.0
2024-06-15,70.0,29,1,6,bon,3.0
2024-06-15,78.0,24,2,6,moyen,3.0
2024-06-16,79.0,24,0,6,moyen,3.0
2024-06-16,73.0,29,1,6,bon,3.0
2024-06-16,76.0,25,2,6,moyen,3.0
2024-06-17,84.0,20,0,6,mauvais,3.0
2024-06-17,73.0,29,1,6,bon,3.0
2024-06-17,79.0,23,2,6,moyen,3.0
2024-06-18,83.0,22,0,6,mauvais,3.0
2024-06-18,71.0,30,1,6,bon,3.0
2024-06-18,77.0,23,2,6,moyen,3.0
2024-06-19,77.0,23,0,6,moyen,3.0
2024-06-19,70.0,31,1,6,bon,3.0
2024-06-19,76.0,25,2,6,moyen,3.0
2024-06-20,83.0,22,0,6,mauvais,3.0
2024-06-20,76.0,29,1,6,moyen,3.0
2024-06-20,80.0,22,2,6,moyen,3.0
2024-06-21,79.0,21,0,6,moyen,3.0
2024-06-21,72.0,30,1,6,bon,3.0
2024-06-21,78.0,23,2,6,moyen,3.0
2024-06-22,79.0,22,0,6,moyen,4.0
2024-06-22,69.0,31,1,6,bon,4.0
2024-06-22,74.0,26,2,6,moyen,4.0
2024-06-23,83.0,22,0,6,mauvais,4.0
2024-06-23,76.0,27,1,6,moyen,4.0
2024-06-23,79.0,22,2,6,moyen,4.0
2024-06-24,82.0,23,0,6,mauvais,4.0
2024-06-24,74.0,29,1,6,bon,4.0
2024-06-24,78.0,25,2,6,moyen,4.0
2024-06-25,76.0,24,0,6,moyen,4.0
2024-06-25,72.0,30,1,6,bon,4.0
2024-06-25,74.0,26,2,6,moyen,4.0
2024-06-26,83.0,22,0,6,mauvais,4.0
2024-06-26,73.0,28,1,6,moyen,4.0
2024-06-26,79.0,23,2,6,moyen,4.0
2024-06-27,79.0,22,0,6,moyen,4.0
2024-06-27,72.0,29,1,6,bon,4.0
2024-06-27,78.0,25,2,6,moyen,4.0
2024-06-28,77.0,22,0,6,moyen,4.0
2024-06-28,73.0,30,1,6,bon,4.0
2024-06-28,77.0,25,2,6,moyen,4.0
2024-06-29,84.0,21,0,6,mauvais,5.0
2024-06-29,75.0,27,1,6,moyen,5.0
2024-06-29,79.0,23,2,6,moyen,5.0
2024-06-30,80.0,22,0,6,moyen,5.0
2024-06-30,72.0,29,1,6,bon,5.0
2024-06-30,78.0,24,2,6,moyen,5.0
2024-07-01,77.0,22,0,7,mauvais,1.0
2024-07-01,68.0,27,1,7,moyen,1.0
2024-07-01,72.0,22,2,7,moyen,1.0
2024-07-02,79.0,20,0,7,mauvais,1.0
2024-07-02,71.0,27,1,7,moyen,1.0
2024-07-02,75.0,23,2,7,moyen,1.0
2024-07-03,75.0,23,0,7,moyen,1.0
2024-07-03,65.0,29,1,7,bon,1.0
2024-07-03,71.0,23,2,7,moyen,1.0
2024-07-04,75.0,21,0,7,moyen,1.0
2024-07-04,67.0,27,1,7,moyen,1.0
2024-07-04,72.0,23,2,7,moyen,1.0
2024-07-05,77.0,21,0,7,mauvais,1.0
2024-07-05,70.0,26,1,7,moyen,1.0
2024-07-05,74.0,23,2,7,moyen,1.0
2024-07-06,73.0,23,0,7,moyen,1.0
2024-07-06,65.0,29,1,7,bon,1.0
2024-07-06,73.0,25,2,7,moyen,1.0
2024-07-07,77.0,20,0,7,mauvais,1.0
2024-07-07,68.0,28,1,7,moyen,1.0
2024-07-07,71.0,22,2,7,moyen,1.0
2024-07-08,78.0,19,0,7,mauvais,2.0
2024-07-08,72.0,26,1,7,moyen,2.0
2024-07-08,73.0,23,2,7,moyen,2.0
2024-07-09,76.0,22,0,7,mauvais,2.0
2024-07-09,66.0,28,1,7,moyen,2.0
2024-07-09,73.0,22,2,7,moyen,2.0
2024-07-10,71.0,22,0,7,moyen,2.0
2024-07-10,67.0,29,1,7,bon,2.0
2024-07-10,72.0,25,2,7,moyen,2.0
2024-07-11,78.0,20,0,7,mauvais,2.0
2024-07-11,71.0,27,1,7,moyen,2.0
2024-07-11,74.0,23,2,7,moyen,2.0
2024-07-12,73.0,21,0,7,moyen,2.0
2024-07-12,69.0,29,1,7,bon,2.0
2024-07-12,72.0,24,2,7,moyen,2.0
2024-07-13,72.0,23,0,7,moyen,2.0
2024-07-13,67.0,28,1,7,moyen,2.0
2024-07-13,70.0,23,2,7,bon,2.0
2024-07-14,76.0,21,0,7,mauvais,2.0
2024-07-14,68.0,28,1,7,moyen,2.0
2024-07-14,74.0,23,2,7,moyen,2.0
2024-07-15,74.0,20,0,7,moyen,3.0
2024-07-15,68.0,27,1,7,moyen,3.0
2024-07-15,74.0,22,2,7,moyen,3.0
2024-07-16,74.0,23,0,7,moyen,3.0
2024-07-16,66.0,28,1,7,moyen,3.0
2024-07-16,72.0,25,2,7,moyen,3.0
2024-07-17,75.0,21,0,7,moyen,3.0
2024-07-17,69.0,26,1,7,moyen,3.0
2024-07-17,72.0,22,2,7,moyen,3.0
2024-07-18,75.0,22,0,7,moyen,3.0
2024-07-18,69.0,28,1,7,moyen,3.0
2024-07-18,72.0,22,2,7,moyen,3.0
2024-07-19,72.0,23,0,7,moyen,3.0
2024-07-19,67.0,30,1,7,bon,3.0
2024-07-19,70.0,25,2,7,bon,3.0
2024-07-20,80.0,20,0,7,mauvais,3.0
2024-07-20,70.0,27,1,7,moyen,3.0
2024-07-20,77.0,21,2,7,mauvais,3.0
2024-07-21,78.0,21,0,7,mauvais,3.0
2024-07-21,70.0,27,1,7,moyen,3.0
2024-07-21,71.0,24,2,7,moyen,3.0
2024-07-22,75.0,21,0,7,moyen,4.0
2024-07-22,65.0,30,1,7,bon,4.0
2024-07-22,72.0,24,2,7,moyen,4.0
2024-07-23,75.0,21,0,7,moyen,4.0
2024-07-23,67.0,26,1,7,moyen,4.0
2024-07-23,72.0,23,2,7,moyen,4.0
2024-07-24,77.0,21,0,7,mauvais,4.0
2024-07-24,66.0,29,1,7,bon,4.0
2024-07-24,74.0,22,2,7,moyen,4.0
2024-07-25,72.0,23,0,7,moyen,4.0
2024-07-25,68.0,30,1,7,bon,4.0
2024-07-25,71.0,23,2,7,moyen,4.0
2024-07-26,77.0,21,0,7,mauvais,4.0
2024-07-26,70.0,28,1,7,moyen,4.0
2024-07-26,74.0,23,2,7,moyen,4.0
2024-07-27,78.0,21,0,7,mauvais,4.0
2024-07-27,69.0,27,1,7,moyen,4.0
2024-07-27,74.0,22,2,7,moyen,4.0
2024-07-28,73.0,22,0,7,moyen,4.0
2024-07-28,65.0,28,1,7,moyen,4.0
2024-07-28,71.0,25,2,7,moyen,4.0
2024-07-29,78.0,21,0,7,mauvais,5.0
2024-07-29,71.0,28,1,7,moyen,5.0
2024-07-29,73.0,23,2,7,moyen,5.0
2024-07-30,75.0,22,0,7,moyen,5.0
2024-07-30,68.0,28,1,7,moyen,5.0
2024-07-30,74.0,23,2,7,moyen,5.0
2024-07-31,75.0,23,0,7,moyen,5.0
2024-07-31,65.0,29,1,7,bon,5.0
2024-07-31,71.0,24,2,7,moyen,5.0
2024-08-01,76.0,21,0,8,mauvais,1.0
2024-08-01,65.0,30,1,8,bon,1.0
2024-08-01,73.0,24,2,8,moyen,1.0
2024-08-02,75.0,22,0,8,moyen,1.0
2024-08-02,66.0,29,1,8,bon,1.0
2024-08-02,73.0,23,2,8,moyen,1.0
2024-08-03,70.0,23,0,8,bon,1.0
2024-08-03,65.0,30,1,8,bon,1.0
2024-08-03,67.0,24,2,8,bon,1.0
2024-08-04,76.0,21,0,8,mauvais,1.0
2024-08-04,67.0,30,1,8,bon,1.0
2024-08-04,69.0,25,2,8,bon,1.0
2024-08-05,77.0,21,0,8,mauvais,1.0
2024-08-05,69.0,27,1,8,moyen,1.0
2024-08-05,72.0,24,2,8,moyen,1.0
2024-08-06,74.0,23,0,8,moyen,1.0
2024-08-06,66.0,29,1,8,bon,1.0
2024-08-06,72.0,24,2,8,moyen,1.0
2024-08-07,73.0,21,0,8,moyen,1.0
2024-08-07,67.0,28,1,8,moyen,1.0
2024-08-07,73.0,23,2,8,moyen,1.0
2024-08-08,79.0,21,0,8,mauvais,2.0
2024-08-08,70.0,28,1,8,moyen,2.0
2024-08-08,74.0,24,2,8,moyen,2.0
2024-08-09,72.0,21,0,8,moyen,2.0
2024-08-09,65.0,30,1,8,bon,2.0
2024-08-09,69.0,23,2,8,bon,2.0
2024-08-10,72.0,23,0,8,moyen,2.0
2024-08-10,65.0,31,1,8,bon,2.0
2024-08-10,69.0,25,2,8,bon,2.0
2024-08-11,76.0,20,0,8,mauvais,2.0
2024-08-11,70.0,27,1,8,moyen,2.0
2024-08-11,72.0,24,2,8,moyen,2.0
2024-08-12,76.0,21,0,8,mauvais,2.0
2024-08-12,68.0,28,1,8,moyen,2.0
2024-08-12,71.0,25,2,8,moyen,2.0
2024-08-13,75.0,23,0,8,moyen,2.0
2024-08-13,65.0,31,1,8,bon,2.0
2024-08-13,72.0,24,2,8,moyen,2.0
2024-08-14,76.0,22,0,8,mauvais,2.0
2024-08-14,71.0,28,1,8,moyen,2.0
2024-08-14,76.0,22,2,8,mauvais,2.0
2024-08-15,75.0,22,0,8,moyen,3.0
2024-08-15,66.0,28,1,8,moyen,3.0
2024-08-15,73.0,25,2,8,moyen,3.0
2024-08-16,72.0,23,0,8,moyen,3.0
2024-08-16,66.0,31,1,8,bon,3.0
2024-08-16,68.0,24,2,8,bon,3.0
2024-08-17,77.0,21,0,8,mauvais,3.0
2024-08-17,68.0,28,1,8,moyen,3.0
2024-08-17,75.0,22,2,8,moyen,3.0
2024-08-18,74.0,22,0,8,moyen,3.0
2024-08-18,67.0,28,1,8,moyen,3.0
2024-08-18,71.0,24,2,8,moyen,3.0
2024-08-19,73.0,22,0,8,moyen,3.0
2024-08-19,66.0,31,1,8,bon,3.0
2024-08-19,69.0,25,2,8,bon,3.0
2024-08-20,79.0,21,0,8,mauvais,3.0
2024-08-20,68.0,29,1,8,bon,3.0
2024-08-20,72.0,24,2,8,moyen,3.0
2024-08-21,73.0,23,0,8,moyen,3.0
2024-08-21,66.0,28,1,8,moyen,3.0
2024-08-21,71.0,25,2,8,moyen,3.0
2024-08-22,70.0,23,0,8,bon,4.0
2024-08-22,65.0,30,1,8,bon,4.0
2024-08-22,67.0,25,2,8,bon,4.0
2024-08-23,76.0,21,0,8,mauvais,4.0
2024-08-23,68.0,29,1,8,bon,4.0
2024-08-23,71.0,23,2,8,moyen,4.0
2024-08-24,76.0,22,0,8,mauvais,4.0
2024-08-24,65.0,30,1,8,bon,4.0
2024-08-24,73.0,24,2,8,moyen,4.0
2024-08-25,72.0,23,0,8,moyen,4.0
2024-08-25,67.0,29,1,8,bon,4.0
2024-08-25,70.0,24,2,8,bon,4.0
2024-08-26,75.0,21,0,8,moyen,4.0
2024-08-26,69.0,27,1,8,moyen,4.0
2024-08-26,73.0,23,2,8,moyen,4.0
2024-08-27,76.0,21,0,8,mauvais,4.0
2024-08-27,69.0,28,1,8,moyen,4.0
2024-08-27,74.0,23,2,8,moyen,4.0
2024-08-28,74.0,23,0,8,moyen,4.0
2024-08-28,65.0,29,1,8,bon,4.0
2024-08-28,71.0,26,2,8,moyen,4.0
2024-08-29,75.0,20,0,8,moyen,5.0
2024-08-29,70.0,27,1,8,moyen,5.0
2024-08-29,71.0,22,2,8,moyen,5.0
2024-08-30,76.0,23,0,8,mauvais,5.0
2024-08-30,67.0,28,1,8,moyen,5.0
2024-08-30,72.0,23,2,8,moyen,5.0
2024-08-31,71.0,22,0,8,moyen,5.0
2024-08-31,67.0,31,1,8,bon,5.0
2024-08-31,72.0,26,2,8,moyen,5.0
2024-09-01,79.0,22,0,9,mauvais,1.0
2024-09-01,70.0,31,1,9,bon,1.0
2024-09-01,73.0,26,2,9,moyen,1.0
2024-09-02,80.0,23,0,9,mauvais,1.0
2024-09-02,72.0,28,1,9,moyen,1.0
2024-09-02,76.0,23,2,9,moyen,1.0
2024-09-03,75.0,25,0,9,moyen,1.0
2024-09-03,70.0,30,1,9,bon,1.0
2024-09-03,71.0,27,2,9,bon,1.0
2024-09-04,76.0,23,0,9,moyen,1.0
2024-09-04,72.0,31,1,9,moyen,1.0
2024-09-04,76.0,26,2,9,moyen,1.0
2024-09-05,81.0,22,0,9,mauvais,1.0
2024-09-05,71.0,30,1,9,bon,1.0
2024-09-05,80.0,25,2,9,mauvais,1.0
2024-09-06,77.0,25,0,9,moyen,1.0
2024-09-06,71.0,30,1,9,bon,1.0
2024-09-06,74.0,26,2,9,moyen,1.0
2024-09-07,78.0,22,0,9,mauvais,1.0
2024-09-07,72.0,30,1,9,moyen,1.0
2024-09-07,76.0,24,2,9,moyen,1.0
2024-09-08,79.0,23,0,9,mauvais,2.0
2024-09-08,74.0,28,1,9,moyen,2.0
2024-09-08,80.0,24,2,9,mauvais,2.0
2024-09-09,80.0,24,0,9,mauvais,2.0
2024-09-09,70.0,31,1,9,bon,2.0
2024-09-09,76.0,24,2,9,moyen,2.0
2024-09-10,76.0,23,0,9,moyen,2.0
2024-09-10,70.0,32,1,9,bon,2.0
2024-09-10,72.0,26,2,9,bon,2.0
2024-09-11,78.0,21,0,9,mauvais,2.0
2024-09-11,73.0,28,1,9,moyen,2.0
2024-09-11,77.0,24,2,9,moyen,2.0
2024-09-12,79.0,23,0,9,mauvais,2.0
2024-09-12,70.0,29,1,9,moyen,2.0
2024-09-12,73.0,24,2,9,moyen,2.0
2024-09-13,75.0,25,0,9,moyen,2.0
2024-09-13,70.0,30,1,9,bon,2.0
2024-09-13,74.0,27,2,9,moyen,2.0
2024-09-14,83.0,21,0,9,mauvais,2.0
2024-09-14,73.0,28,1,9,moyen,2.0
2024-09-14,79.0,24,2,9,mauvais,2.0
2024-09-15,79.0,24,0,9,mauvais,3.0
2024-09-15,70.0,30,1,9,bon,3.0
2024-09-15,74.0,24,2,9,moyen,3.0
2024-09-16,77.0,24,0,9,moyen,3.0
2024-09-16,70.0,31,1,9,bon,3.0
2024-09-16,71.0,27,2,9,bon,3.0
2024-09-17,78.0,21,0,9,mauvais,3.0
2024-09-17,72.0,28,1,9,moyen,3.0
2024-09-17,76.0,23,2,9,moyen,3.0
2024-09-18,79.0,23,0,9,mauvais,3.0
2024-09-18,72.0,30,1,9,moyen,3.0
2024-09-18,73.0,24,2,9,moyen,3.0
2024-09-19,76.0,25,0,9,moyen,3.0
2024-09-19,70.0,30,1,9,bon,3.0
2024-09-19,75.0,26,2,9,moyen,3.0
2024-09-20,81.0,23,0,9,mauvais,3.0
2024-09-20,71.0,30,1,9,bon,3.0
2024-09-20,80.0,25,2,9,mauvais,3.0
2024-09-21,79.0,23,0,9,mauvais,3.0
2024-09-21,70.0,31,1,9,bon,3.0
2024-09-21,77.0,24,2,9,moyen,3.0
2024-09-22,78.0,25,0,9,mauvais,4.0
2024-09-22,70.0,32,1,9,bon,4.0
2024-09-22,74.0,27,2,9,moyen,4.0
2024-09-23,79.0,23,0,9,mauvais,4.0
2024-09-23,72.0,30,1,9,moyen,4.0
2024-09-23,78.0,25,2,9,mauvais,4.0
2024-09-24,76.0,22,0,9,moyen,4.0
2024-09-24,70.0,31,1,9,bon,4.0
2024-09-24,75.0,24,2,9,moyen,4.0
2024-09-25,75.0,23,0,9,moyen,4.0
2024-09-25,70.0,31,1,9,bon,4.0
2024-09-25,75.0,27,2,9,moyen,4.0
2024-09-26,79.0,22,0,9,mauvais,4.0
2024-09-26,72.0,28,1,9,moyen,4.0
2024-09-26,79.0,23,2,9,mauvais,4.0
2024-09-27,81.0,22,0,9,mauvais,4.0
2024-09-27,70.0,31,1,9,bon,4.0
2024-09-27,76.0,24,2,9,moyen,4.0
2024-09-28,76.0,25,0,9,moyen,4.0
2024-09-28,70.0,31,1,9,bon,4.0
2024-09-28,71.0,27,2,9,bon,4.0
2024-09-29,81.0,22,0,9,mauvais,5.0
2024-09-29,72.0,29,1,9,moyen,5.0
2024-09-29,75.0,24,2,9,moyen,5.0
2024-09-30,76.0,24,0,9,moyen,5.0
2024-09-30,70.0,29,1,9,moyen,5.0
2024-09-30,74.0,25,2,9,moyen,5.0
2024-10-01,81.0,24,0,10,très mauvais,1.0
2024-10-01,75.0,30,1,10,moyen,1.0
2024-10-01,79.0,25,2,10,moyen,1.0
2024-10-02,85.0,22,0,10,très mauvais,1.0
2024-10-02,75.0,31,1,10,moyen,1.0
2024-10-02,78.0,24,2,10,moyen,1.0
2024-10-03,79.0,26,0,10,mauvais,1.0
2024-10-03,75.0,32,1,10,moyen,1.0
2024-10-03,76.0,28,2,10,moyen,1.0
2024-10-04,80.0,25,0,10,mauvais,1.0
2024-10-04,75.0,30,1,10,moyen,1.0
2024-10-04,76.0,27,2,10,moyen,1.0
2024-10-05,85.0,22,0,10,très mauvais,1.0
2024-10-05,76.0,29,1,10,moyen,1.0
2024-10-05,79.0,26,2,10,moyen,1.0
2024-10-06,81.0,24,0,10,très mauvais,1.0
2024-10-06,75.0,32,1,10,moyen,1.0
2024-10-06,79.0,27,2,10,moyen,1.0
2024-10-07,82.0,24,0,10,très mauvais,1.0
2024-10-07,76.0,30,1,10,moyen,1.0
2024-10-07,77.0,25,2,10,moyen,1.0
2024-10-08,86.0,23,0,10,très mauvais,2.0
2024-10-08,76.0,31,1,10,moyen,2.0
2024-10-08,82.0,24,2,10,mauvais,2.0
2024-10-09,83.0,25,0,10,très mauvais,2.0
2024-10-09,75.0,30,1,10,moyen,2.0
2024-10-09,77.0,27,2,10,moyen,2.0
2024-10-10,78.0,24,0,10,mauvais,2.0
2024-10-10,75.0,33,1,10,moyen,2.0
2024-10-10,75.0,28,2,10,bon,2.0
2024-10-11,82.0,24,0,10,très mauvais,2.0
2024-10-11,75.0,31,1,10,moyen,2.0
2024-10-11,79.0,25,2,10,moyen,2.0
2024-10-12,79.0,24,0,10,mauvais,2.0
2024-10-12,75.0,30,1,10,moyen,2.0
2024-10-12,80.0,27,2,10,moyen,2.0
2024-10-13,79.0,25,0,10,mauvais,2.0
2024-10-13,75.0,33,1,10,moyen,2.0
2024-10-13,79.0,26,2,10,moyen,2.0
2024-10-14,82.0,23,0,10,très mauvais,2.0
2024-10-14,77.0,28,1,10,moyen,2.0
2024-10-14,82.0,24,2,10,mauvais,2.0
2024-10-15,83.0,25,0,10,très mauvais,3.0
2024-10-15,75.0,31,1,10,moyen,3.0
2024-10-15,79.0,27,2,10,moyen,3.0
2024-10-16,78.0,24,0,10,mauvais,3.0
2024-10-16,75.0,33,1,10,moyen,3.0
2024-10-16,75.0,27,2,10,bon,3.0
2024-10-17,82.0,23,0,10,très mauvais,3.0
2024-10-17,76.0,30,1,10,moyen,3.0
2024-10-17,79.0,24,2,10,moyen,3.0
2024-10-18,82.0,23,0,10,très mauvais,3.0
2024-10-18,75.0,30,1,10,moyen,3.0
2024-10-18,80.0,26,2,10,moyen,3.0
2024-10-19,80.0,25,0,10,mauvais,3.0
2024-10-19,75.0,33,1,10,moyen,3.0
2024-10-19,76.0,26,2,10,moyen,3.0
2024-10-20,83.0,23,0,10,très mauvais,3.0
2024-10-20,75.0,29,1,10,moyen,3.0
2024-10-20,79.0,25,2,10,moyen,3.0
2024-10-21,81.0,23,0,10,très mauvais,3.0
2024-10-21,75.0,30,1,10,moyen,3.0
2024-10-21,77.0,25,2,10,moyen,3.0
2024-10-22,79.0,25,0,10,mauvais,4.0
2024-10-22,75.0,31,1,10,moyen,4.0
2024-10-22,75.0,27,2,10,bon,4.0
2024-10-23,86.0,22,0,10,très mauvais,4.0
2024-10-23,78.0,28,1,10,moyen,4.0
2024-10-23,83.0,26,2,10,mauvais,4.0
2024-10-24,84.0,24,0,10,très mauvais,4.0
2024-10-24,75.0,31,1,10,moyen,4.0
2024-10-24,79.0,26,2,10,moyen,4.0
2024-10-25,79.0,24,0,10,mauvais,4.0
2024-10-25,75.0,30,1,10,moyen,4.0
2024-10-25,76.0,26,2,10,moyen,4.0
2024-10-26,84.0,23,0,10,très mauvais,4.0
2024-10-26,76.0,31,1,10,moyen,4.0
2024-10-26,79.0,25,2,10,moyen,4.0
2024-10-27,81.0,23,0,10,très mauvais,4.0
2024-10-27,75.0,29,1,10,moyen,4.0
2024-10-27,76.0,27,2,10,moyen,4.0
2024-10-28,84.0,25,0,10,très mauvais,4.0
2024-10-28,75.0,31,1,10,moyen,4.0
2024-10-28,78.0,28,2,10,moyen,4.0
2024-10-29,84.0,23,0,10,très mauvais,5.0
2024-10-29,75.0,32,1,10,moyen,5.0
2024-10-29,83.0,24,2,10,mauvais,5.0
2024-10-30,80.0,25,0,10,mauvais,5.0
2024-10-30,75.0,29,1,10,moyen,5.0
2024-10-30,79.0,27,2,10,moyen,5.0
2024-10-31,83.0,25,0,10,très mauvais,5.0
2024-10-31,75.0,30,1,10,moyen,5.0
2024-10-31,80.0,26,2,10,moyen,5.0
2024-11-01,84.0,24,0,11,mauvais,1.0
2024-11-01,80.0,31,1,11,mauvais,1.0
2024-11-01,85.0,26,2,11,mauvais,1.0
2024-11-02,90.0,25,0,11,très mauvais,1.0
2024-11-02,80.0,28,1,11,mauvais,1.0
2024-11-02,83.0,26,2,11,mauvais,1.0
2024-11-03,85.0,25,0,11,mauvais,1.0
2024-11-03,80.0,31,1,11,mauvais,1.0
2024-11-03,81.0,27,2,11,moyen,1.0
2024-11-04,85.0,25,0,11,mauvais,1.0
2024-11-04,80.0,31,1,11,mauvais,1.0
2024-11-04,85.0,26,2,11,mauvais,1.0
2024-11-05,88.0,25,0,11,très mauvais,1.0
2024-11-05,82.0,29,1,11,mauvais,1.0
2024-11-05,88.0,25,2,11,très mauvais,1.0
2024-11-06,87.0,27,0,11,mauvais,1.0
2024-11-06,80.0,30,1,11,mauvais,1.0
2024-11-06,84.0,29,2,11,mauvais,1.0
2024-11-07,86.0,26,0,11,mauvais,1.0
2024-11-07,80.0,29,1,11,mauvais,1.0
2024-11-07,85.0,28,2,11,mauvais,1.0
2024-11-08,90.0,23,0,11,très mauvais,2.0
2024-11-08,84.0,28,1,11,mauvais,2.0
2024-11-08,87.0,26,2,11,très mauvais,2.0
2024-11-09,85.0,25,0,11,mauvais,2.0
2024-11-09,80.0,30,1,11,mauvais,2.0
2024-11-09,84.0,27,2,11,mauvais,2.0
2024-11-10,84.0,26,0,11,mauvais,2.0
2024-11-10,80.0,31,1,11,mauvais,2.0
2024-11-10,84.0,29,2,11,mauvais,2.0
2024-11-11,86.0,24,0,11,mauvais,2.0
2024-11-11,80.0,29,1,11,mauvais,2.0
2024-11-11,84.0,25,2,11,mauvais,2.0
2024-11-12,86.0,26,0,11,mauvais,2.0
2024-11-12,80.0,29,1,11,mauvais,2.0
2024-11-12,85.0,27,2,11,mauvais,2.0
2024-11-13,86.0,27,0,11,mauvais,2.0
2024-11-13,80.0,31,1,11,mauvais,2.0
2024-11-13,82.0,28,2,11,moyen,2.0
2024-11-14,90.0,25,0,11,très mauvais,2.0
2024-11-14,83.0,29,1,11,mauvais,2.0
2024-11-14,85.0,27,2,11,mauvais,2.0
2024-11-15,86.0,26,0,11,mauvais,3.0
2024-11-15,80.0,30,1,11,mauvais,3.0
2024-11-15,84.0,26,2,11,mauvais,3.0
2024-11-16,84.0,25,0,11,mauvais,3.0
2024-11-16,80.0,31,1,11,mauvais,3.0
2024-11-16,80.0,27,2,11,moyen,3.0
2024-11-17,86.0,25,0,11,mauvais,3.0
2024-11-17,82.0,29,1,11,mauvais,3.0
2024-11-17,86.0,27,2,11,mauvais,3.0
2024-11-18,88.0,26,0,11,très mauvais,3.0
2024-11-18,80.0,31,1,11,mauvais,3.0
2024-11-18,82.0,27,2,11,moyen,3.0
2024-11-19,87.0,27,0,11,mauvais,3.0
2024-11-19,80.0,30,1,11,mauvais,3.0
2024-11-19,81.0,28,2,11,moyen,3.0
2024-11-20,87.0,25,0,11,mauvais,3.0
2024-11-20,80.0,30,1,11,mauvais,3.0
2024-11-20,83.0,27,2,11,mauvais,3.0
2024-11-21,85.0,26,0,11,mauvais,3.0
2024-11-21,80.0,31,1,11,mauvais,3.0
2024-11-21,85.0,26,2,11,mauvais,3.0
2024-11-22,84.0,26,0,11,mauvais,4.0
2024-11-22,80.0,30,1,11,mauvais,4.0
2024-11-22,81.0,29,2,11,moyen,4.0
2024-11-23,90.0,24,0,11,très mauvais,4.0
2024-11-23,82.0,29,1,11,mauvais,4.0
2024-11-23,88.0,27,2,11,très mauvais,4.0
2024-11-24,87.0,26,0,11,mauvais,4.0
2024-11-24,80.0,30,1,11,mauvais,4.0
2024-11-24,86.0,26,2,11,mauvais,4.0
2024-11-25,86.0,27,0,11,mauvais,4.0
2024-11-25,80.0,30,1,11,mauvais,4.0
2024-11-25,81.0,29,2,11,moyen,4.0
2024-11-26,88.0,25,0,11,très mauvais,4.0
2024-11-26,80.0,28,1,11,mauvais,4.0
2024-11-26,83.0,27,2,11,mauvais,4.0
2024-11-27,87.0,24,0,11,mauvais,4.0
2024-11-27,80.0,30,1,11,mauvais,4.0
2024-11-27,84.0,28,2,11,mauvais,4.0
2024-11-28,86.0,27,0,11,mauvais,4.0
2024-11-28,80.0,31,1,11,mauvais,4.0
2024-11-28,80.0,28,2,11,moyen,4.0
2024-11-29,91.0,25,0,11,très mauvais,5.0
2024-11-29,80.0,29,1,11,mauvais,5.0
2024-11-29,88.0,26,2,11,très mauvais,5.0
2024-11-30,87.0,26,0,11,mauvais,5.0
2024-11-30,80.0,29,1,11,mauvais,5.0
2024-11-30,86.0,27,2,11,mauvais,5.0
2024-12-01,90.0,25,0,12,très mauvais,1.0
2024-12-01,80.0,30,1,12,mauvais,1.0
2024-12-01,83.0,26,2,12,mauvais,1.0
2024-12-02,91.0,24,0,12,très mauvais,1.0
2024-12-02,80.0,28,1,12,mauvais,1.0
2024-12-02,85.0,27,2,12,mauvais,1.0
2024-12-03,86.0,27,0,12,mauvais,1.0
2024-12-03,80.0,29,1,12,mauvais,1.0
2024-12-03,83.0,27,2,12,mauvais,1.0
2024-12-04,90.0,24,0,12,très mauvais,1.0
2024-12-04,83.0,28,1,12,mauvais,1.0
2024-12-04,87.0,27,2,12,très mauvais,1.0
2024-12-05,90.0,25,0,12,très mauvais,1.0
2024-12-05,84.0,27,1,12,mauvais,1.0
2024-12-05,89.0,26,2,12,très mauvais,1.0
2024-12-06,88.0,26,0,12,très mauvais,1.0
2024-12-06,81.0,30,1,12,mauvais,1.0
2024-12-06,84.0,29,2,12,mauvais,1.0
2024-12-07,89.0,25,0,12,très mauvais,1.0
2024-12-07,80.0,29,1,12,mauvais,1.0
2024-12-07,87.0,27,2,12,très mauvais,1.0
2024-12-08,91.0,23,0,12,très mauvais,2.0
2024-12-08,83.0,27,1,12,mauvais,2.0
2024-12-08,87.0,26,2,12,très mauvais,2.0
2024-12-09,91.0,26,0,12,très mauvais,2.0
2024-12-09,81.0,28,1,12,mauvais,2.0
2024-12-09,88.0,26,2,12,très mauvais,2.0
2024-12-10,88.0,27,0,12,très mauvais,2.0
2024-12-10,80.0,30,1,12,mauvais,2.0
2024-12-10,84.0,28,2,12,mauvais,2.0
2024-12-11,89.0,24,0,12,très mauvais,2.0
2024-12-11,81.0,29,1,12,mauvais,2.0
2024-12-11,88.0,26,2,12,très mauvais,2.0
2024-12-12,89.0,24,0,12,très mauvais,2.0
2024-12-12,80.0,28,1,12,mauvais,2.0
2024-12-12,84.0,28,2,12,mauvais,2.0
2024-12-13,88.0,25,0,12,très mauvais,2.0
2024-12-13,80.0,30,1,12,mauvais,2.0
2024-12-13,85.0,29,2,12,mauvais,2.0
2024-12-14,89.0,23,0,12,très mauvais,2.0
2024-12-14,82.0,26,1,12,mauvais,2.0
2024-12-14,86.0,26,2,12,mauvais,2.0
2024-12-15,90.0,25,0,12,très mauvais,3.0
2024-12-15,82.0,30,1,12,mauvais,3.0
2024-12-15,84.0,28,2,12,mauvais,3.0
2024-12-16,85.0,27,0,12,mauvais,3.0
2024-12-16,80.0,30,1,12,mauvais,3.0
2024-12-16,86.0,28,2,12,mauvais,3.0
2024-12-17,89.0,23,0,12,très mauvais,3.0
2024-12-17,83.0,28,1,12,mauvais,3.0
2024-12-17,87.0,27,2,12,très mauvais,3.0
2024-12-18,90.0,25,0,12,très mauvais,3.0
2024-12-18,80.0,30,1,12,mauvais,3.0
2024-12-18,86.0,28,2,12,mauvais,3.0
2024-12-19,89.0,27,0,12,très mauvais,3.0
2024-12-19,81.0,31,1,12,mauvais,3.0
2024-12-19,83.0,27,2,12,mauvais,3.0
2024-12-20,88.0,25,0,12,très mauvais,3.0
2024-12-20,83.0,28,1,12,mauvais,3.0
2024-12-20,89.0,27,2,12,très mauvais,3.0
2024-12-21,89.0,24,0,12,très mauvais,3.0
2024-12-21,83.0,28,1,12,mauvais,3.0
2024-12-21,86.0,26,2,12,mauvais,3.0
2024-12-22,89.0,27,0,12,très mauvais,4.0
2024-12-22,80.0,30,1,12,mauvais,4.0
2024-12-22,84.0,28,2,12,mauvais,4.0
2024-12-23,91.0,25,0,12,très mauvais,4.0
2024-12-23,85.0,27,1,12,mauvais,4.0
2024-12-23,88.0,27,2,12,très mauvais,4.0
2024-12-24,90.0,24,0,12,très mauvais,4.0
2024-12-24,83.0,29,1,12,mauvais,4.0
2024-12-24,87.0,26,2,12,très mauvais,4.0
2024-12-25,89.0,25,0,12,très mauvais,4.0
2024-12-25,80.0,31,1,12,mauvais,4.0
2024-12-25,86.0,27,2,12,mauvais,4.0
2024-12-26,88.0,24,0,12,très mauvais,4.0
2024-12-26,81.0,29,1,12,mauvais,4.0
2024-12-26,88.0,27,2,12,très mauvais,4.0
2024-12-27,88.0,25,0,12,très mauvais,4.0
2024-12-27,83.0,29,1,12,mauvais,4.0
2024-12-27,85.0,27,2,12,mauvais,4.0
2024-12-28,89.0,26,0,12,très mauvais,4.0
2024-12-28,80.0,31,1,12,mauvais,4.0
2024-12-28,84.0,27,2,12,mauvais,4.0
2024-12-29,89.0,25,0,12,très mauvais,5.0
2024-12-29,83.0,27,1,12,mauvais,5.0
2024-12-29,90.0,26,2,12,très mauvais,5.0
2024-12-30,91.0,24,0,12,très mauvais,5.0
2024-12-30,80.0,30,1,12,mauvais,5.0
2024-12-30,86.0,26,2,12,mauvais,5.0
2024-12-31,87.0,25,0,12,mauvais,5.0
2024-12-31,82.0,31,1,12,mauvais,5.0
2024-12-31,87.0,27,2,12,très mauvais,5.0
